{"cameraMode":{"drawMode":0,"name":"Shaded","section":"Shading Mode"},"sceneLighting":true,"audioPlay":false,"sceneViewState":{"showFog":false,"showMaterialUpdate":false,"showSkybox":false,"showFlares":false,"showImageEffects":false,"showParticleSystems":false},"in2DMode":false,"pivot":{"x":-11.482061386108399,"y":-2.619495391845703,"z":2.787428855895996},"rotation":{"x":0.1169159784913063,"y":-0.04378404840826988,"z":0.005159882828593254,"w":0.9921697378158569},"size":3.027329921722412,"orthographic":false}