{"cameraMode":{"drawMode":0,"name":"Shaded","section":"Shading Mode"},"sceneLighting":false,"audioPlay":false,"sceneViewState":{"showFog":false,"showMaterialUpdate":false,"showSkybox":false,"showFlares":false,"showImageEffects":false,"showParticleSystems":false},"in2DMode":false,"pivot":{"x":-10.725959777832032,"y":-1.8144111633300782,"z":6.514276504516602},"rotation":{"x":0.28950104117393496,"y":-0.513194739818573,"z":0.18913400173187257,"w":0.7855275869369507},"size":7.567502498626709,"orthographic":false}