{"cameraMode":{"drawMode":0,"name":"Shaded","section":"Shading Mode"},"sceneLighting":true,"audioPlay":false,"sceneViewState":{"showFog":false,"showMaterialUpdate":false,"showSkybox":false,"showFlares":false,"showImageEffects":false,"showParticleSystems":false},"in2DMode":false,"pivot":{"x":180.7035675048828,"y":78.81822204589844,"z":86.2766342163086},"rotation":{"x":0.003311233362182975,"y":-0.984369695186615,"z":0.17515994608402253,"w":0.01858806237578392},"size":5.690113067626953,"orthographic":false}