{"cameraMode":{"drawMode":0,"name":"Shaded","section":"Shading Mode"},"sceneLighting":false,"audioPlay":false,"sceneViewState":{"showFog":false,"showMaterialUpdate":false,"showSkybox":false,"showFlares":false,"showImageEffects":false,"showParticleSystems":false},"in2DMode":false,"pivot":{"x":-8.354999542236329,"y":-2.1394999027252199,"z":8.164999961853028},"rotation":{"x":-0.01647830195724964,"y":0.7422119975090027,"z":0.018262138590216638,"w":0.669714093208313},"size":0.441607266664505,"orthographic":false}