{"cameraMode":{"drawMode":0,"name":"Shaded","section":"Shading Mode"},"sceneLighting":false,"audioPlay":false,"sceneViewState":{"showFog":true,"showMaterialUpdate":false,"showSkybox":true,"showFlares":true,"showImageEffects":true,"showParticleSystems":true},"in2DMode":false,"pivot":{"x":91.84403991699219,"y":61.43394470214844,"z":18.438480377197267},"rotation":{"x":0.43473687767982485,"y":-0.10870048403739929,"z":0.05294931307435036,"w":0.8924210071563721},"size":88.24256896972656,"orthographic":false}