{"cameraMode":{"drawMode":0,"name":"Shaded","section":"Shading Mode"},"sceneLighting":false,"audioPlay":false,"sceneViewState":{"showFog":true,"showMaterialUpdate":true,"showSkybox":true,"showFlares":true,"showImageEffects":true,"showParticleSystems":true},"in2DMode":false,"pivot":{"x":78.26888275146485,"y":76.15390014648438,"z":13.136582374572754},"rotation":{"x":0.7079919576644898,"y":-0.09416539967060089,"z":0.09616382420063019,"w":0.6932783126831055},"size":33.36743927001953,"orthographic":false}